{
    "croup": [
        11.1767964781476,
        3.700439718141092,
        0
    ],
    "annul": [
        11.1767964781476,
        6.9886846867721655,
        1.584962500721156,
        0
    ],
    "worse": [
        11.1767964781476,
        5.321928094887363,
        1
    ],
    "shock": [
        11.1767964781476,
        5.672425341971495,
        1.584962500721156
    ],
    "never": [
        11.1767964781476,
        6.820178962415188,
        1.584962500721156
    ],
    "caput": [
        11.1767964781476,
        1,
        0
    ],
    "debut": [
        11.1767964781476,
        5.882643049361842,
        3,
        0
    ],
    "gnash": [
        11.1767964781476,
        5.614709844115208,
        0
    ],
    "bully": [
        11.1767964781476,
        7.94251450533924,
        2,
        0
    ],
    "exalt": [
        11.1767964781476,
        3.169925001442312,
        0
    ],
    "olden": [
        11.1767964781476,
        6.94251450533924,
        1
    ],
    "surer": [
        11.1767964781476,
        6.820178962415188,
        3.321928094887362,
        0
    ],
    "amber": [
        11.1767964781476,
        5.357552004618084,
        0
    ],
    "motto": [
        11.1767964781476,
        5.321928094887363,
        1
    ],
    "kiosk": [
        11.1767964781476,
        7.94251450533924,
        1
    ],
    "debar": [
        11.1767964781476,
        5.357552004618084,
        2.584962500721156
    ],
    "grout": [
        11.1767964781476,
        4.321928094887363,
        0
    ],
    "foray": [
        11.1767964781476,
        5.930737337562887,
        0
    ],
    "tried": [
        11.1767964781476,
        2.584962500721156,
        0
    ],
    "canal": [
        11.1767964781476,
        3.9068905956085187,
        0
    ],
    "flier": [
        11.1767964781476,
        6.820178962415188,
        1.584962500721156,
        0
    ],
    "laden": [
        11.1767964781476,
        5.584962500721156,
        1,
        0
    ],
    "taker": [
        11.1767964781476,
        3.700439718141092,
        1.584962500721156,
        0
    ],
    "snort": [
        11.1767964781476,
        5.087462841250339,
        1,
        0
    ],
    "being": [
        11.1767964781476,
        6.94251450533924,
        2.584962500721156,
        0
    ],
    "evade": [
        11.1767964781476,
        5.129283016944966,
        2,
        0
    ],
    "actor": [
        11.1767964781476,
        0
    ],
    "lofty": [
        11.1767964781476,
        5.321928094887363,
        0
    ],
    "above": [
        11.1767964781476,
        5.491853096329675,
        2.321928094887362,
        0
    ],
    "queer": [
        11.1767964781476,
        6.820178962415188,
        4.807354922057604,
        1
    ],
    "churn": [
        11.1767964781476,
        3.321928094887362,
        0
    ],
    "coyly": [
        11.1767964781476,
        5.129283016944966,
        0
    ],
    "tepid": [
        11.1767964781476,
        5.882643049361842,
        3.169925001442312,
        0
    ],
    "stash": [
        11.1767964781476,
        4.459431618637297,
        0
    ],
    "sneak": [
        11.1767964781476,
        5.584962500721156,
        1
    ],
    "snack": [
        11.1767964781476,
        3.807354922057604,
        0
    ],
    "dopey": [
        11.1767964781476,
        6.94251450533924,
        2,
        0
    ],
    "sunny": [
        11.1767964781476,
        7.94251450533924,
        0
    ],
    "notch": [
        11.1767964781476,
        4.523561956057013,
        0
    ],
    "binge": [
        11.1767964781476,
        6.700439718141092,
        1.584962500721156,
        0
    ],
    "comic": [
        11.1767964781476,
        5.129283016944966,
        0
    ],
    "banal": [
        11.1767964781476,
        6.9886846867721655,
        1.584962500721156,
        0
    ],
    "groan": [
        11.1767964781476,
        3.700439718141092,
        1
    ],
    "clink": [
        11.1767964781476,
        5.129283016944966,
        1,
        0
    ],
    "ruler": [
        11.1767964781476,
        6.820178962415188,
        3,
        0
    ],
    "skimp": [
        11.1767964781476,
        7.94251450533924,
        2.584962500721156,
        0
    ],
    "gamma": [
        11.1767964781476,
        6.9886846867721655,
        3.4594316186372973,
        1
    ],
    "night": [
        11.1767964781476,
        6.491853096329675,
        2.584962500721156,
        0
    ],
    "vivid": [
        11.1767964781476,
        7.94251450533924,
        2.584962500721156,
        0
    ],
    "donor": [
        11.1767964781476,
        6,
        0
    ],
    "guile": [
        11.1767964781476,
        6.700439718141092,
        1.584962500721156,
        0
    ],
    "yield": [
        11.1767964781476,
        6.94251450533924,
        1.584962500721156,
        0
    ],
    "tonga": [
        11.1767964781476,
        5.832890014164741,
        0
    ],
    "wield": [
        11.1767964781476,
        6.94251450533924,
        1.584962500721156,
        0
    ],
    "trash": [
        11.1767964781476,
        3.169925001442312,
        1
    ],
    "smock": [
        11.1767964781476,
        5.672425341971495,
        1.584962500721156,
        0
    ],
    "caddy": [
        11.1767964781476,
        3.9068905956085187,
        0
    ],
    "embed": [
        11.1767964781476,
        6.94251450533924,
        2
    ],
    "glass": [
        11.1767964781476,
        5.614709844115208,
        1
    ],
    "eaten": [
        11.1767964781476,
        4.321928094887363,
        1
    ],
    "money": [
        11.1767964781476,
        6.94251450533924,
        2.584962500721156,
        1
    ],
    "chore": [
        11.1767964781476,
        1.584962500721156,
        0
    ],
    "aside": [
        11.1767964781476,
        5.491853096329675,
        0
    ],
    "leapt": [
        11.1767964781476,
        3.169925001442312,
        1,
        0
    ],
    "ferry": [
        11.1767964781476,
        6.820178962415188,
        3.4594316186372973,
        1
    ],
    "virus": [
        11.1767964781476,
        6,
        1.584962500721156,
        0
    ],
    "clear": [
        11.1767964781476,
        1.584962500721156,
        0
    ],
    "admin": [
        11.1767964781476,
        6.9886846867721655,
        2.807354922057604,
        0
    ],
    "early": [
        11.1767964781476,
        5.357552004618084,
        1.584962500721156,
        0
    ],
    "arrow": [
        11.1767964781476,
        3.700439718141092,
        0
    ],
    "dingo": [
        11.1767964781476,
        7.94251450533924,
        2.584962500721156
    ],
    "imbue": [
        11.1767964781476,
        6.700439718141092,
        2,
        0
    ],
    "death": [
        11.1767964781476,
        1.584962500721156,
        0
    ],
    "dizzy": [
        11.1767964781476,
        7.94251450533924,
        3.700439718141092,
        0
    ],
    "fauna": [
        11.1767964781476,
        6.9886846867721655,
        2.807354922057604,
        0
    ],
    "joker": [
        11.1767964781476,
        6.820178962415188,
        4.807354922057604,
        2.807354922057604,
        1
    ],
    "enter": [
        11.1767964781476,
        5.129283016944966,
        1
    ],
    "snaky": [
        11.1767964781476,
        5.614709844115208,
        1
    ],
    "druid": [
        11.1767964781476,
        5.614709844115208,
        2.584962500721156,
        0
    ],
    "canoe": [
        11.1767964781476,
        2,
        0
    ],
    "shady": [
        11.1767964781476,
        5.614709844115208,
        1
    ],
    "reply": [
        11.1767964781476,
        6.820178962415188,
        0
    ],
    "rouge": [
        11.1767964781476,
        5.321928094887363,
        1,
        0
    ],
    "kebab": [
        11.1767964781476,
        5.584962500721156,
        0
    ],